product_name,SKU,UPC,safety_stock,ltd,mfg_id,catalog_id,onhand,bin_name,external_fulfiller_location_id,internal_fulfiller_location_id
,0000000001,0000000001,0,100.0,11416,0,0,Default,440001,50564
,0000000002,0000000002,0,100.0,11416,0,0,Default,440001,50564
,0000000003,0000000003,0,100.0,11416,0,0,Default,440001,50564
,0000000004,0000000004,0,100.0,11416,0,0,Default,440001,50564
,0000000008,0000000008,0,100.0,11416,0,0,Default,440001,50564
,0000000009,0000000009,0,100.0,11416,0,0,Default,440001,50564
,0000000011,0000000011,0,100.0,11416,0,0,Default,440001,50564
,0000000012,0000000012,0,100.0,11416,0,0,Default,440001,50564
,0000000016,0000000016,0,100.0,11416,0,0,Default,440001,50564
,0000000017,0000000017,0,100.0,11416,0,0,Default,440001,50564
,0000000018,0000000018,0,100.0,11416,0,0,Default,440001,50564
,0000000019,0000000019,0,100.0,11416,0,0,Default,440001,50564
,0000000020,0000000020,0,100.0,11416,0,0,Default,440001,50564
,0000000021,0000000021,0,100.0,11416,0,0,Default,440001,50564
,0000000023,0000000023,0,100.0,11416,0,0,Default,440001,50564
,0000000025,0000000025,0,100.0,11416,0,0,Default,440001,50564
,0000000026,0000000026,0,100.0,11416,0,0,Default,440001,50564
,0000000032,0000000032,0,100.0,11416,0,0,Default,440001,50564
,0000000034,0000000034,0,100.0,11416,0,0,Default,440001,50564
,0000000035,0000000035,0,100.0,11416,0,0,Default,440001,50564
,0000000036,0000000036,0,100.0,11416,0,0,Default,440001,50564
,0000000038,0000000038,0,100.0,11416,0,0,Default,440001,50564
,0000000040,0000000040,0,100.0,11416,0,0,Default,440001,50564
,0000000041,0000000041,0,100.0,11416,0,0,Default,440001,50564
,0000000042,0000000042,0,100.0,11416,0,0,Default,440001,50564
,0000000045,0000000045,0,100.0,11416,0,0,Default,440001,50564
,0000000046,0000000046,0,100.0,11416,0,0,Default,440001,50564
,0000000047,0000000047,0,100.0,11416,0,0,Default,440001,50564
,0000000048,0000000048,0,100.0,11416,0,0,Default,440001,50564
,0000000049,0000000049,0,100.0,11416,0,0,Default,440001,50564
,0000000050,0000000050,0,100.0,11416,0,0,Default,440001,50564
,0000000051,0000000051,0,100.0,11416,0,0,Default,440001,50564
,0000000052,0000000052,0,100.0,11416,0,0,Default,440001,50564
,0000000053,0000000053,0,100.0,11416,0,0,Default,440001,50564
,0000000054,0000000054,0,100.0,11416,0,0,Default,440001,50564
,0000000055,0000000055,0,100.0,11416,0,0,Default,440001,50564
,0000000057,0000000057,0,100.0,11416,0,0,Default,440001,50564
,0000000058,0000000058,0,100.0,11416,0,0,Default,440001,50564
,0000000059,0000000059,0,100.0,11416,0,0,Default,440001,50564
,0000000060,0000000060,0,100.0,11416,0,0,Default,440001,50564
,0000000062,0000000062,0,100.0,11416,0,0,Default,440001,50564
,0000000063,0000000063,0,100.0,11416,0,0,Default,440001,50564
,0000000064,0000000064,0,100.0,11416,0,0,Default,440001,50564
,0000000071,0000000071,0,100.0,11416,0,0,Default,440001,50564
,0000000072,0000000072,0,100.0,11416,0,0,Default,440001,50564
,0000000075,0000000075,0,100.0,11416,0,0,Default,440001,50564
,0000000076,0000000076,0,100.0,11416,0,0,Default,440001,50564
,0000000077,0000000077,0,100.0,11416,0,0,Default,440001,50564
,0000000078,0000000078,0,0.0,11416,0,0,Default,440001,50564
,0000000079,0000000079,0,100.0,11416,0,0,Default,440001,50564
,0000000080,0000000080,0,100.0,11416,0,0,Default,440001,50564
,0000000081,0000000081,0,100.0,11416,0,0,Default,440001,50564
,0000000082,0000000082,0,100.0,11416,0,0,Default,440001,50564
,0000000083,0000000083,0,100.0,11416,0,0,Default,440001,50564
,0000000084,0000000084,0,100.0,11416,0,0,Default,440001,50564
,0000000087,0000000087,0,100.0,11416,0,0,Default,440001,50564
,0000000088,0000000088,0,100.0,11416,0,0,Default,440001,50564
,0000000089,0000000089,0,100.0,11416,0,0,Default,440001,50564
,0000000090,0000000090,0,100.0,11416,0,0,Default,440001,50564
,0000000091,0000000091,0,100.0,11416,0,0,Default,440001,50564
,0000000092,0000000092,0,100.0,11416,0,0,Default,440001,50564
,0000000093,0000000093,0,100.0,11416,0,0,Default,440001,50564
,0000000095,0000000095,0,100.0,11416,0,0,Default,440001,50564
,0000000096,0000000096,0,100.0,11416,0,0,Default,440001,50564
,0000000097,0000000097,0,100.0,11416,0,0,Default,440001,50564
,0000000100,0000000100,0,100.0,11416,0,0,Default,440001,50564
,0000000116,0000000116,0,100.0,11416,0,0,Default,440001,50564
,0000000117,0000000117,0,100.0,11416,0,0,Default,440001,50564
,0000000118,0000000118,0,100.0,11416,0,0,Default,440001,50564
,0000000119,0000000119,0,100.0,11416,0,0,Default,440001,50564
,0000000121,0000000121,0,100.0,11416,0,0,Default,440001,50564
,0000000122,0000000122,0,100.0,11416,0,0,Default,440001,50564
,0000000125,0000000125,0,100.0,11416,0,0,Default,440001,50564
,0000000126,0000000126,0,100.0,11416,0,0,Default,440001,50564
,0000000127,0000000127,0,100.0,11416,0,0,Default,440001,50564
,0000000128,0000000128,0,100.0,11416,0,0,Default,440001,50564
,0000000129,0000000129,0,100.0,11416,0,0,Default,440001,50564
,0000000130,0000000130,0,100.0,11416,0,0,Default,440001,50564
,0000000131,0000000131,0,100.0,11416,0,0,Default,440001,50564
,0000000133,0000000133,0,100.0,11416,0,0,Default,440001,50564
,0000000134,0000000134,0,100.0,11416,0,0,Default,440001,50564
,0000000135,0000000135,0,100.0,11416,0,0,Default,440001,50564
,0000000136,0000000136,0,100.0,11416,0,0,Default,440001,50564
,0000000137,0000000137,0,100.0,11416,0,0,Default,440001,50564
,0000000138,0000000138,0,100.0,11416,0,0,Default,440001,50564
,0000000139,0000000139,0,100.0,11416,0,0,Default,440001,50564
,0000000140,0000000140,0,100.0,11416,0,0,Default,440001,50564
,0000000141,0000000141,0,100.0,11416,0,0,Default,440001,50564
,0000000144,0000000144,0,100.0,11416,0,0,Default,440001,50564
,0000000145,0000000145,0,100.0,11416,0,0,Default,440001,50564
,0000000146,0000000146,0,100.0,11416,0,0,Default,440001,50564
,0000000151,0000000151,0,100.0,11416,0,0,Default,440001,50564
,0000000152,0000000152,0,100.0,11416,0,0,Default,440001,50564
,0000000153,0000000153,0,100.0,11416,0,0,Default,440001,50564
,0000000154,0000000154,0,100.0,11416,0,0,Default,440001,50564
,0000000155,0000000155,0,100.0,11416,0,0,Default,440001,50564
,0000000156,0000000156,0,100.0,11416,0,0,Default,440001,50564
,0000000157,0000000157,0,100.0,11416,0,0,Default,440001,50564
,0000000158,0000000158,0,100.0,11416,0,0,Default,440001,50564
,0000000159,0000000159,0,100.0,11416,0,0,Default,440001,50564
,0000000160,0000000160,0,100.0,11416,0,0,Default,440001,50564
,0000000161,0000000161,0,100.0,11416,0,0,Default,440001,50564
,0000000171,0000000171,0,100.0,11416,0,0,Default,440001,50564
,0000000172,0000000172,0,100.0,11416,0,0,Default,440001,50564
,0000000173,0000000173,0,100.0,11416,0,0,Default,440001,50564
,0000000174,0000000174,0,100.0,11416,0,0,Default,440001,50564
,0000000175,0000000175,0,100.0,11416,0,0,Default,440001,50564
,0000000176,0000000176,0,100.0,11416,0,0,Default,440001,50564
,0000000177,0000000177,0,100.0,11416,0,0,Default,440001,50564
,0000000178,0000000178,0,100.0,11416,0,0,Default,440001,50564
,0000000180,0000000180,0,100.0,11416,0,0,Default,440001,50564
,0000000181,0000000181,0,100.0,11416,0,0,Default,440001,50564
,0000000183,0000000183,0,100.0,11416,0,0,Default,440001,50564
,0000000184,0000000184,0,100.0,11416,0,0,Default,440001,50564
,0000000185,0000000185,0,100.0,11416,0,0,Default,440001,50564
,0000000186,0000000186,0,100.0,11416,0,0,Default,440001,50564
,0000000187,0000000187,0,100.0,11416,0,0,Default,440001,50564
,0000000188,0000000188,0,100.0,11416,0,0,Default,440001,50564
,0000000189,0000000189,0,100.0,11416,0,0,Default,440001,50564
,0000000190,0000000190,0,100.0,11416,0,0,Default,440001,50564
,0000000191,0000000191,0,100.0,11416,0,0,Default,440001,50564
,0000000192,0000000192,0,100.0,11416,0,0,Default,440001,50564
,0000000193,0000000193,0,100.0,11416,0,0,Default,440001,50564
,0000000194,0000000194,0,100.0,11416,0,0,Default,440001,50564
,0000000197,0000000197,0,100.0,11416,0,0,Default,440001,50564
,0000000200,0000000200,0,100.0,11416,0,0,Default,440001,50564
,0000000201,0000000201,0,100.0,11416,0,0,Default,440001,50564
,0000000202,0000000202,0,100.0,11416,0,0,Default,440001,50564
,0000000203,0000000203,0,100.0,11416,0,0,Default,440001,50564
,0000000206,0000000206,0,100.0,11416,0,0,Default,440001,50564
,0000000207,0000000207,0,100.0,11416,0,0,Default,440001,50564
,0000000218,0000000218,0,100.0,11416,0,0,Default,440001,50564
,0000000219,0000000219,0,100.0,11416,0,0,Default,440001,50564
,0000000220,0000000220,0,100.0,11416,0,0,Default,440001,50564
,0000000221,0000000221,0,100.0,11416,0,0,Default,440001,50564
,0000000222,0000000222,0,100.0,11416,0,0,Default,440001,50564
,0000000223,0000000223,0,100.0,11416,0,0,Default,440001,50564
,0000000224,0000000224,0,100.0,11416,0,0,Default,440001,50564
,0000000225,0000000225,0,100.0,11416,0,0,Default,440001,50564
,0000000226,0000000226,0,100.0,11416,0,0,Default,440001,50564
,0000000227,0000000227,0,100.0,11416,0,0,Default,440001,50564
,0000000229,0000000229,0,100.0,11416,0,0,Default,440001,50564
,0000000230,0000000230,0,100.0,11416,0,0,Default,440001,50564
,0000000231,0000000231,0,100.0,11416,0,0,Default,440001,50564
,0000000232,0000000232,0,100.0,11416,0,0,Default,440001,50564
,0000000233,0000000233,0,100.0,11416,0,0,Default,440001,50564
,0000000235,0000000235,0,100.0,11416,0,0,Default,440001,50564
,0000000236,0000000236,0,100.0,11416,0,0,Default,440001,50564
,0000000237,0000000237,0,100.0,11416,0,0,Default,440001,50564
,0000000238,0000000238,0,100.0,11416,0,0,Default,440001,50564
,0000000240,0000000240,0,100.0,11416,0,0,Default,440001,50564
,0000000242,0000000242,0,100.0,11416,0,0,Default,440001,50564
,0000000243,0000000243,0,100.0,11416,0,0,Default,440001,50564
,0000000244,0000000244,0,100.0,11416,0,0,Default,440001,50564
,0000000245,0000000245,0,100.0,11416,0,0,Default,440001,50564
,0000000253,0000000253,0,100.0,11416,0,0,Default,440001,50564
,0000000255,0000000255,0,100.0,11416,0,0,Default,440001,50564
,0000000256,0000000256,0,100.0,11416,0,0,Default,440001,50564
,0000000257,0000000257,0,100.0,11416,0,0,Default,440001,50564
,0000000258,0000000258,0,100.0,11416,0,0,Default,440001,50564
,0000000259,0000000259,0,100.0,11416,0,0,Default,440001,50564
,0000000260,0000000260,0,0.0,11416,0,0,Default,440001,50564
,0000000262,0000000262,0,100.0,11416,0,0,Default,440001,50564
,0000000264,0000000264,0,100.0,11416,0,0,Default,440001,50564
,0000000265,0000000265,0,100.0,11416,0,0,Default,440001,50564
,0000000266,0000000266,0,100.0,11416,0,0,Default,440001,50564
,0000000267,0000000267,0,100.0,11416,0,0,Default,440001,50564
,0000000268,0000000268,0,0.0,11416,0,0,Default,440001,50564
,0000000269,0000000269,0,100.0,11416,0,0,Default,440001,50564
,0000000271,0000000271,0,100.0,11416,0,0,Default,440001,50564
,0000000272,0000000272,0,100.0,11416,0,0,Default,440001,50564
,0000000273,0000000273,0,100.0,11416,0,0,Default,440001,50564
,0000000275,0000000275,0,100.0,11416,0,0,Default,440001,50564
,0000000276,0000000276,0,100.0,11416,0,0,Default,440001,50564
,0000000277,0000000277,0,100.0,11416,0,0,Default,440001,50564
,0000000279,0000000279,0,100.0,11416,0,0,Default,440001,50564
,0000000280,0000000280,0,100.0,11416,0,0,Default,440001,50564
,0000000281,0000000281,0,100.0,11416,0,0,Default,440001,50564
,0000000282,0000000282,0,100.0,11416,0,0,Default,440001,50564
,0000000284,0000000284,0,100.0,11416,0,0,Default,440001,50564
,0000000285,0000000285,0,100.0,11416,0,0,Default,440001,50564
,0000000286,0000000286,0,100.0,11416,0,0,Default,440001,50564
,0000000287,0000000287,0,100.0,11416,0,0,Default,440001,50564
,0000000288,0000000288,0,100.0,11416,0,0,Default,440001,50564
,0000000289,0000000289,0,100.0,11416,0,0,Default,440001,50564
,0000000290,0000000290,0,100.0,11416,0,0,Default,440001,50564
,0000000292,0000000292,0,100.0,11416,0,0,Default,440001,50564
,0000000294,0000000294,0,100.0,11416,0,0,Default,440001,50564
,0000000295,0000000295,0,100.0,11416,0,0,Default,440001,50564
,0000000296,0000000296,0,100.0,11416,0,0,Default,440001,50564
,0000000297,0000000297,0,100.0,11416,0,0,Default,440001,50564
,0000000298,0000000298,0,100.0,11416,0,0,Default,440001,50564
,0000000299,0000000299,0,100.0,11416,0,0,Default,440001,50564
,0000000300,0000000300,0,100.0,11416,0,0,Default,440001,50564
,0000000301,0000000301,0,100.0,11416,0,0,Default,440001,50564
,0000000302,0000000302,0,100.0,11416,0,0,Default,440001,50564
,0000000303,0000000303,0,100.0,11416,0,0,Default,440001,50564
,0000000304,0000000304,0,100.0,11416,0,0,Default,440001,50564
,0000000305,0000000305,0,100.0,11416,0,0,Default,440001,50564
,0000000308,0000000308,0,100.0,11416,0,0,Default,440001,50564
,0000000310,0000000310,0,100.0,11416,0,0,Default,440001,50564
,0000000311,0000000311,0,100.0,11416,0,0,Default,440001,50564
,0000000313,0000000313,0,100.0,11416,0,0,Default,440001,50564
,0000000314,0000000314,0,100.0,11416,0,0,Default,440001,50564
,0000000315,0000000315,0,100.0,11416,0,0,Default,440001,50564
,0000000316,0000000316,0,100.0,11416,0,0,Default,440001,50564
,0000000317,0000000317,0,100.0,11416,0,0,Default,440001,50564
,0000000318,0000000318,0,100.0,11416,0,0,Default,440001,50564
,0000000320,0000000320,0,100.0,11416,0,0,Default,440001,50564
,0000000322,0000000322,0,100.0,11416,0,0,Default,440001,50564
,0000000323,0000000323,0,100.0,11416,0,0,Default,440001,50564
,0000000326,0000000326,0,100.0,11416,0,0,Default,440001,50564
,0000000327,0000000327,0,100.0,11416,0,0,Default,440001,50564
,0000000328,0000000328,0,100.0,11416,0,0,Default,440001,50564
,0000000329,0000000329,0,100.0,11416,0,0,Default,440001,50564
,0000000330,0000000330,0,100.0,11416,0,0,Default,440001,50564
,0000000331,0000000331,0,100.0,11416,0,0,Default,440001,50564
,0000000332,0000000332,0,100.0,11416,0,0,Default,440001,50564
,0000000333,0000000333,0,100.0,11416,0,0,Default,440001,50564
,0000000335,0000000335,0,100.0,11416,0,0,Default,440001,50564
,0000000337,0000000337,0,100.0,11416,0,0,Default,440001,50564
,0000000342,0000000342,0,100.0,11416,0,0,Default,440001,50564
,0000000344,0000000344,0,100.0,11416,0,0,Default,440001,50564
,0000000348,0000000348,0,100.0,11416,0,0,Default,440001,50564
,0000000356,0000000356,0,100.0,11416,0,0,Default,440001,50564
,0000000358,0000000358,0,100.0,11416,0,0,Default,440001,50564
,0000000359,0000000359,0,100.0,11416,0,0,Default,440001,50564
,0000000361,0000000361,0,100.0,11416,0,0,Default,440001,50564
,0000000362,0000000362,0,100.0,11416,0,0,Default,440001,50564
,0000000367,0000000367,0,100.0,11416,0,0,Default,440001,50564
,0000000369,0000000369,0,100.0,11416,0,0,Default,440001,50564
,0000000372,0000000372,0,100.0,11416,0,0,Default,440001,50564
,0000000373,0000000373,0,100.0,11416,0,0,Default,440001,50564
,0000000377,0000000377,0,100.0,11416,0,0,Default,440001,50564
,0000000380,0000000380,0,100.0,11416,0,0,Default,440001,50564
,0000000381,0000000381,0,100.0,11416,0,0,Default,440001,50564
,0000000382,0000000382,0,100.0,11416,0,0,Default,440001,50564
,0000000384,0000000384,0,100.0,11416,0,0,Default,440001,50564
,0000000385,0000000385,0,100.0,11416,0,0,Default,440001,50564
,0000000386,0000000386,0,100.0,11416,0,0,Default,440001,50564
,0000000388,0000000388,0,100.0,11416,0,0,Default,440001,50564
,0000000389,0000000389,0,100.0,11416,0,0,Default,440001,50564
,0000000390,0000000390,0,100.0,11416,0,0,Default,440001,50564
,0000000391,0000000391,0,100.0,11416,0,0,Default,440001,50564
,0000000392,0000000392,0,100.0,11416,0,0,Default,440001,50564
,0000000399,0000000399,0,100.0,11416,0,0,Default,440001,50564
,0000000401,0000000401,0,100.0,11416,0,0,Default,440001,50564
,0000000402,0000000402,0,100.0,11416,0,0,Default,440001,50564
,0000000405,0000000405,0,100.0,11416,0,0,Default,440001,50564
,0000000406,0000000406,0,100.0,11416,0,0,Default,440001,50564
,0000000407,0000000407,0,100.0,11416,0,0,Default,440001,50564
,0000000409,0000000409,0,100.0,11416,0,0,Default,440001,50564
,0000000410,0000000410,0,100.0,11416,0,0,Default,440001,50564
,0000000414,0000000414,0,100.0,11416,0,0,Default,440001,50564
,0000000415,0000000415,0,100.0,11416,0,0,Default,440001,50564
,0000000416,0000000416,0,100.0,11416,0,0,Default,440001,50564
,0000000417,0000000417,0,100.0,11416,0,0,Default,440001,50564
,0000000418,0000000418,0,100.0,11416,0,0,Default,440001,50564
,0000000421,0000000421,0,100.0,11416,0,0,Default,440001,50564
,0000000423,0000000423,0,100.0,11416,0,0,Default,440001,50564
,0000000429,0000000429,0,100.0,11416,0,0,Default,440001,50564
,0000000430,0000000430,0,100.0,11416,0,0,Default,440001,50564
,0000000431,0000000431,0,100.0,11416,0,0,Default,440001,50564
,0000000432,0000000432,0,100.0,11416,0,0,Default,440001,50564
,0000000433,0000000433,0,100.0,11416,0,0,Default,440001,50564
,0000000434,0000000434,0,100.0,11416,0,0,Default,440001,50564
,0000000435,0000000435,0,100.0,11416,0,0,Default,440001,50564
,0000000437,0000000437,0,100.0,11416,0,0,Default,440001,50564
,0000000438,0000000438,0,100.0,11416,0,0,Default,440001,50564
,0000000439,0000000439,0,100.0,11416,0,0,Default,440001,50564
,0000000440,0000000440,0,100.0,11416,0,0,Default,440001,50564
,0000000441,0000000441,0,100.0,11416,0,0,Default,440001,50564
,0000000443,0000000443,0,100.0,11416,0,0,Default,440001,50564
,0000000451,0000000451,0,100.0,11416,0,0,Default,440001,50564
,0000000453,0000000453,0,100.0,11416,0,0,Default,440001,50564
,0000000454,0000000454,0,100.0,11416,0,0,Default,440001,50564
,0000000455,0000000455,0,100.0,11416,0,0,Default,440001,50564
,0000000457,0000000457,0,100.0,11416,0,0,Default,440001,50564
,0000000458,0000000458,0,100.0,11416,0,0,Default,440001,50564
,0000000460,0000000460,0,100.0,11416,0,0,Default,440001,50564
,0000000463,0000000463,0,100.0,11416,0,0,Default,440001,50564
,0000000464,0000000464,0,100.0,11416,0,0,Default,440001,50564
,0000000466,0000000466,0,100.0,11416,0,0,Default,440001,50564
,0000000468,0000000468,0,100.0,11416,0,0,Default,440001,50564
,0000000469,0000000469,0,100.0,11416,0,0,Default,440001,50564
,0000000470,0000000470,0,100.0,11416,0,0,Default,440001,50564
,0000000471,0000000471,0,100.0,11416,0,0,Default,440001,50564
,0000000473,0000000473,0,100.0,11416,0,0,Default,440001,50564
,0000000476,0000000476,0,100.0,11416,0,0,Default,440001,50564
,0000000478,0000000478,0,100.0,11416,0,0,Default,440001,50564
,0000000479,0000000479,0,100.0,11416,0,0,Default,440001,50564
,0000000480,0000000480,0,100.0,11416,0,0,Default,440001,50564
,0000000482,0000000482,0,100.0,11416,0,0,Default,440001,50564
,0000000484,0000000484,0,100.0,11416,0,0,Default,440001,50564
,0000000485,0000000485,0,100.0,11416,0,0,Default,440001,50564
,0000000486,0000000486,0,100.0,11416,0,0,Default,440001,50564
,0000000487,0000000487,0,100.0,11416,0,0,Default,440001,50564
,0000000488,0000000488,0,100.0,11416,0,0,Default,440001,50564
,0000000489,0000000489,0,100.0,11416,0,0,Default,440001,50564
,0000000490,0000000490,0,100.0,11416,0,0,Default,440001,50564
,0000000491,0000000491,0,100.0,11416,0,0,Default,440001,50564
,0000000492,0000000492,0,100.0,11416,0,0,Default,440001,50564
,0000000493,0000000493,0,100.0,11416,0,0,Default,440001,50564
,0000000494,0000000494,0,100.0,11416,0,0,Default,440001,50564
,0000000495,0000000495,0,100.0,11416,0,0,Default,440001,50564
,0000000496,0000000496,0,100.0,11416,0,0,Default,440001,50564
,0000000499,0000000499,0,100.0,11416,0,0,Default,440001,50564
,0000000500,0000000500,0,100.0,11416,0,0,Default,440001,50564
,0000000501,0000000501,0,100.0,11416,0,0,Default,440001,50564
,0000000503,0000000503,0,100.0,11416,0,0,Default,440001,50564
,0000000508,0000000508,0,100.0,11416,0,0,Default,440001,50564
,0000000509,0000000509,0,100.0,11416,0,0,Default,440001,50564
,0000000510,0000000510,0,100.0,11416,0,0,Default,440001,50564
,0000000511,0000000511,0,100.0,11416,0,0,Default,440001,50564
,0000000512,0000000512,0,100.0,11416,0,0,Default,440001,50564
,0000000513,0000000513,0,100.0,11416,0,0,Default,440001,50564
,0000000518,0000000518,0,100.0,11416,0,0,Default,440001,50564
,0000000525,0000000525,0,100.0,11416,0,0,Default,440001,50564
,0000000527,0000000527,0,100.0,11416,0,0,Default,440001,50564
,0000000529,0000000529,0,100.0,11416,0,0,Default,440001,50564
,0000000533,0000000533,0,0.0,11416,0,0,Default,440001,50564
,0000000534,0000000534,0,100.0,11416,0,0,Default,440001,50564
,0000000535,0000000535,0,100.0,11416,0,0,Default,440001,50564
,0000000536,0000000536,0,100.0,11416,0,0,Default,440001,50564
,0000000537,0000000537,0,100.0,11416,0,0,Default,440001,50564
,0000000538,0000000538,0,100.0,11416,0,0,Default,440001,50564
,0000000539,0000000539,0,100.0,11416,0,0,Default,440001,50564
,0000000548,0000000548,0,100.0,11416,0,0,Default,440001,50564
,0000000549,0000000549,0,100.0,11416,0,0,Default,440001,50564
,0000000550,0000000550,0,100.0,11416,0,0,Default,440001,50564
,0000000551,0000000551,0,100.0,11416,0,0,Default,440001,50564
,0000000552,0000000552,0,100.0,11416,0,0,Default,440001,50564
,0000000553,0000000553,0,100.0,11416,0,0,Default,440001,50564
,0000000555,0000000555,0,100.0,11416,0,0,Default,440001,50564
,0000000556,0000000556,0,100.0,11416,0,0,Default,440001,50564
,0000000557,0000000557,0,100.0,11416,0,0,Default,440001,50564
,0000000558,0000000558,0,100.0,11416,0,0,Default,440001,50564
,0000000559,0000000559,0,100.0,11416,0,0,Default,440001,50564
,0000000560,0000000560,0,100.0,11416,0,0,Default,440001,50564
,0000000561,0000000561,0,100.0,11416,0,0,Default,440001,50564
,0000000562,0000000562,0,100.0,11416,0,0,Default,440001,50564
,0000000563,0000000563,0,100.0,11416,0,0,Default,440001,50564
,0000000570,0000000570,0,100.0,11416,0,0,Default,440001,50564
,0000000571,0000000571,0,100.0,11416,0,0,Default,440001,50564
,0000000572,0000000572,0,100.0,11416,0,0,Default,440001,50564
,0000000573,0000000573,0,100.0,11416,0,0,Default,440001,50564
,0000000575,0000000575,0,100.0,11416,0,0,Default,440001,50564
,0000000576,0000000576,0,100.0,11416,0,0,Default,440001,50564
,0000000577,0000000577,0,100.0,11416,0,0,Default,440001,50564
,0000000580,0000000580,0,100.0,11416,0,0,Default,440001,50564
,0000000581,0000000581,0,100.0,11416,0,0,Default,440001,50564
,0000000590,0000000590,0,100.0,11416,0,0,Default,440001,50564
,0000000592,0000000592,0,100.0,11416,0,0,Default,440001,50564
,0000000593,0000000593,0,100.0,11416,0,0,Default,440001,50564
,0000000599,0000000599,0,100.0,11416,0,0,Default,440001,50564
,0000000600,0000000600,0,100.0,11416,0,0,Default,440001,50564
,0000000601,0000000601,0,100.0,11416,0,0,Default,440001,50564
,0000000602,0000000602,0,100.0,11416,0,0,Default,440001,50564
,0000000603,0000000603,0,100.0,11416,0,0,Default,440001,50564
,0000000604,0000000604,0,100.0,11416,0,0,Default,440001,50564
,0000000605,0000000605,0,100.0,11416,0,0,Default,440001,50564
,0000000606,0000000606,0,100.0,11416,0,0,Default,440001,50564
,0000000607,0000000607,0,100.0,11416,0,0,Default,440001,50564
,0000000608,0000000608,0,100.0,11416,0,0,Default,440001,50564
,0000000615,0000000615,0,100.0,11416,0,0,Default,440001,50564
,0000000616,0000000616,0,100.0,11416,0,0,Default,440001,50564
,0000000617,0000000617,0,100.0,11416,0,0,Default,440001,50564
,0000000618,0000000618,0,100.0,11416,0,0,Default,440001,50564
,0000000619,0000000619,0,100.0,11416,0,0,Default,440001,50564
,0000000620,0000000620,0,100.0,11416,0,0,Default,440001,50564
,0000000621,0000000621,0,100.0,11416,0,0,Default,440001,50564
,0000000622,0000000622,0,100.0,11416,0,0,Default,440001,50564
,0000000623,0000000623,0,100.0,11416,0,0,Default,440001,50564
,0000000624,0000000624,0,100.0,11416,0,0,Default,440001,50564
,0000000625,0000000625,0,100.0,11416,0,0,Default,440001,50564
,0000000626,0000000626,0,100.0,11416,0,0,Default,440001,50564
,0000000627,0000000627,0,100.0,11416,0,0,Default,440001,50564
,0000000628,0000000628,0,100.0,11416,0,0,Default,440001,50564
,0000000629,0000000629,0,100.0,11416,0,0,Default,440001,50564
,0000000630,0000000630,0,100.0,11416,0,0,Default,440001,50564
,0000000631,0000000631,0,100.0,11416,0,0,Default,440001,50564
,0000000632,0000000632,0,100.0,11416,0,0,Default,440001,50564
,0000000633,0000000633,0,100.0,11416,0,0,Default,440001,50564
,0000000634,0000000634,0,100.0,11416,0,0,Default,440001,50564
,0000000635,0000000635,0,100.0,11416,0,0,Default,440001,50564
,0000000637,0000000637,0,100.0,11416,0,0,Default,440001,50564
,0000000638,0000000638,0,100.0,11416,0,0,Default,440001,50564
,0000000639,0000000639,0,100.0,11416,0,0,Default,440001,50564
,0000000640,0000000640,0,100.0,11416,0,0,Default,440001,50564
,0000000646,0000000646,0,100.0,11416,0,0,Default,440001,50564
,0000000647,0000000647,0,100.0,11416,0,0,Default,440001,50564
,0000000648,0000000648,0,100.0,11416,0,0,Default,440001,50564
,0000000650,0000000650,0,100.0,11416,0,0,Default,440001,50564
,0000000651,0000000651,0,100.0,11416,0,0,Default,440001,50564
,0000000652,0000000652,0,100.0,11416,0,0,Default,440001,50564
,0000000653,0000000653,0,100.0,11416,0,0,Default,440001,50564
,0000000658,0000000658,0,100.0,11416,0,0,Default,440001,50564
,0000000659,0000000659,0,100.0,11416,0,0,Default,440001,50564
,0000000660,0000000660,0,100.0,11416,0,0,Default,440001,50564
,0000000661,0000000661,0,100.0,11416,0,0,Default,440001,50564
,0000000662,0000000662,0,100.0,11416,0,0,Default,440001,50564
,0000000663,0000000663,0,100.0,11416,0,0,Default,440001,50564
,0000000664,0000000664,0,100.0,11416,0,0,Default,440001,50564
,0000000665,0000000665,0,100.0,11416,0,0,Default,440001,50564
,0000000666,0000000666,0,100.0,11416,0,0,Default,440001,50564
,0000000667,0000000667,0,100.0,11416,0,0,Default,440001,50564
,0000000668,0000000668,0,100.0,11416,0,0,Default,440001,50564
,0000000669,0000000669,0,100.0,11416,0,0,Default,440001,50564
,0000000670,0000000670,0,100.0,11416,0,0,Default,440001,50564
,0000000672,0000000672,0,100.0,11416,0,0,Default,440001,50564
,0000000673,0000000673,0,100.0,11416,0,0,Default,440001,50564
,0000000674,0000000674,0,100.0,11416,0,0,Default,440001,50564
,0000000675,0000000675,0,100.0,11416,0,0,Default,440001,50564
,0000000676,0000000676,0,100.0,11416,0,0,Default,440001,50564
,0000000677,0000000677,0,100.0,11416,0,0,Default,440001,50564
,0000000678,0000000678,0,100.0,11416,0,0,Default,440001,50564
,0000000680,0000000680,0,100.0,11416,0,0,Default,440001,50564
,0000000681,0000000681,0,100.0,11416,0,0,Default,440001,50564
,0000000682,0000000682,0,100.0,11416,0,0,Default,440001,50564
,0000000683,0000000683,0,100.0,11416,0,0,Default,440001,50564
,0000000684,0000000684,0,100.0,11416,0,0,Default,440001,50564
,0000000685,0000000685,0,100.0,11416,0,0,Default,440001,50564
,0000000686,0000000686,0,100.0,11416,0,0,Default,440001,50564
,0000000687,0000000687,0,100.0,11416,0,0,Default,440001,50564
,0000000691,0000000691,0,100.0,11416,0,0,Default,440001,50564
,0000000693,0000000693,0,100.0,11416,0,0,Default,440001,50564
,0000000694,0000000694,0,100.0,11416,0,0,Default,440001,50564
,0000000695,0000000695,0,100.0,11416,0,0,Default,440001,50564
,0000000696,0000000696,0,100.0,11416,0,0,Default,440001,50564
,0000000697,0000000697,0,100.0,11416,0,0,Default,440001,50564
,0000000698,0000000698,0,100.0,11416,0,0,Default,440001,50564
,0000000699,0000000699,0,100.0,11416,0,0,Default,440001,50564
,0000000700,0000000700,0,100.0,11416,0,0,Default,440001,50564
,0000000704,0000000704,0,100.0,11416,0,0,Default,440001,50564
,0000000705,0000000705,0,100.0,11416,0,0,Default,440001,50564
,0000000706,0000000706,0,100.0,11416,0,0,Default,440001,50564
,0000000707,0000000707,0,100.0,11416,0,0,Default,440001,50564
,0000000708,0000000708,0,100.0,11416,0,0,Default,440001,50564
,0000000709,0000000709,0,100.0,11416,0,0,Default,440001,50564
,0000000710,0000000710,0,100.0,11416,0,0,Default,440001,50564
,0000000711,0000000711,0,100.0,11416,0,0,Default,440001,50564
,0000000712,0000000712,0,100.0,11416,0,0,Default,440001,50564
,0000000713,0000000713,0,100.0,11416,0,0,Default,440001,50564
,0000000714,0000000714,0,100.0,11416,0,0,Default,440001,50564
,0000000715,0000000715,0,100.0,11416,0,0,Default,440001,50564
,0000000716,0000000716,0,100.0,11416,0,0,Default,440001,50564
,0000000717,0000000717,0,100.0,11416,0,0,Default,440001,50564
,0000000718,0000000718,0,100.0,11416,0,0,Default,440001,50564
,0000000720,0000000720,0,100.0,11416,0,0,Default,440001,50564
,0000000726,0000000726,0,100.0,11416,0,0,Default,440001,50564
,0000000727,0000000727,0,100.0,11416,0,0,Default,440001,50564
,0000000728,0000000728,0,100.0,11416,0,0,Default,440001,50564
,0000000729,0000000729,0,100.0,11416,0,0,Default,440001,50564
,0000000730,0000000730,0,100.0,11416,0,0,Default,440001,50564
,0000000731,0000000731,0,100.0,11416,0,0,Default,440001,50564
,0000000732,0000000732,0,100.0,11416,0,0,Default,440001,50564
,0000000733,0000000733,0,100.0,11416,0,0,Default,440001,50564
,0000000737,0000000737,0,100.0,11416,0,0,Default,440001,50564
,0000000738,0000000738,0,100.0,11416,0,0,Default,440001,50564
,0000000739,0000000739,0,100.0,11416,0,0,Default,440001,50564
,0000000741,0000000741,0,100.0,11416,0,0,Default,440001,50564
,0000000746,0000000746,0,100.0,11416,0,0,Default,440001,50564
,0000000748,0000000748,0,100.0,11416,0,0,Default,440001,50564
,0000000749,0000000749,0,100.0,11416,0,0,Default,440001,50564
,0000000750,0000000750,0,100.0,11416,0,0,Default,440001,50564
,0000000751,0000000751,0,100.0,11416,0,0,Default,440001,50564
,0000000754,0000000754,0,100.0,11416,0,0,Default,440001,50564
,0000000756,0000000756,0,100.0,11416,0,0,Default,440001,50564
,0000000757,0000000757,0,100.0,11416,0,0,Default,440001,50564
,0000000758,0000000758,0,100.0,11416,0,0,Default,440001,50564
,0000000759,0000000759,0,100.0,11416,0,0,Default,440001,50564
,0000000761,0000000761,0,100.0,11416,0,0,Default,440001,50564
,0000000763,0000000763,0,100.0,11416,0,0,Default,440001,50564
,0000000764,0000000764,0,100.0,11416,0,0,Default,440001,50564
,0000000766,0000000766,0,100.0,11416,0,0,Default,440001,50564
,0000000771,0000000771,0,100.0,11416,0,0,Default,440001,50564
,0000000772,0000000772,0,0.0,11416,0,0,Default,440001,50564
,0000000773,0000000773,0,100.0,11416,0,0,Default,440001,50564
,0000000774,0000000774,0,100.0,11416,0,0,Default,440001,50564
,0000000775,0000000775,0,100.0,11416,0,0,Default,440001,50564
,0000000776,0000000776,0,100.0,11416,0,0,Default,440001,50564
,0000000778,0000000778,0,100.0,11416,0,0,Default,440001,50564
,0000000779,0000000779,0,100.0,11416,0,0,Default,440001,50564
,0000000780,0000000780,0,100.0,11416,0,0,Default,440001,50564
,0000000781,0000000781,0,100.0,11416,0,0,Default,440001,50564
,0000000782,0000000782,0,100.0,11416,0,0,Default,440001,50564
,0000000783,0000000783,0,100.0,11416,0,0,Default,440001,50564
,0000000784,0000000784,0,100.0,11416,0,0,Default,440001,50564
,0000000788,0000000788,0,100.0,11416,0,0,Default,440001,50564
,0000000789,0000000789,0,100.0,11416,0,0,Default,440001,50564
,0000000791,0000000791,0,100.0,11416,0,0,Default,440001,50564
,0000000794,0000000794,0,100.0,11416,0,0,Default,440001,50564
,0000000799,0000000799,0,100.0,11416,0,0,Default,440001,50564
,0000000800,0000000800,0,100.0,11416,0,0,Default,440001,50564
,0000000801,0000000801,0,100.0,11416,0,0,Default,440001,50564
,0000000802,0000000802,0,100.0,11416,0,0,Default,440001,50564
,0000000803,0000000803,0,100.0,11416,0,0,Default,440001,50564
,0000000804,0000000804,0,100.0,11416,0,0,Default,440001,50564
,0000000805,0000000805,0,100.0,11416,0,0,Default,440001,50564
,0000000806,0000000806,0,100.0,11416,0,0,Default,440001,50564
,0000000807,0000000807,0,100.0,11416,0,0,Default,440001,50564
,0000000808,0000000808,0,100.0,11416,0,0,Default,440001,50564
,0000000809,0000000809,0,100.0,11416,0,0,Default,440001,50564
,0000000810,0000000810,0,100.0,11416,0,0,Default,440001,50564
,0000000811,0000000811,0,100.0,11416,0,0,Default,440001,50564
,0000000816,0000000816,0,100.0,11416,0,0,Default,440001,50564
,0000000818,0000000818,0,100.0,11416,0,0,Default,440001,50564
,0000000819,0000000819,0,100.0,11416,0,0,Default,440001,50564
,0000000820,0000000820,0,100.0,11416,0,0,Default,440001,50564
,0000000823,0000000823,0,100.0,11416,0,0,Default,440001,50564
,0000000824,0000000824,0,100.0,11416,0,0,Default,440001,50564
,0000000825,0000000825,0,100.0,11416,0,0,Default,440001,50564
,0000000829,0000000829,0,100.0,11416,0,0,Default,440001,50564
,0000000833,0000000833,0,100.0,11416,0,0,Default,440001,50564
,0000000834,0000000834,0,100.0,11416,0,0,Default,440001,50564
,0000000835,0000000835,0,100.0,11416,0,0,Default,440001,50564
,0000000836,0000000836,0,100.0,11416,0,0,Default,440001,50564
,0000000837,0000000837,0,100.0,11416,0,0,Default,440001,50564
,0000000838,0000000838,0,100.0,11416,0,0,Default,440001,50564
,0000000839,0000000839,0,100.0,11416,0,0,Default,440001,50564
,0000000842,0000000842,0,100.0,11416,0,0,Default,440001,50564
,0000000843,0000000843,0,100.0,11416,0,0,Default,440001,50564
,0000000844,0000000844,0,100.0,11416,0,0,Default,440001,50564
,0000000845,0000000845,0,100.0,11416,0,0,Default,440001,50564
,0000000846,0000000846,0,100.0,11416,0,0,Default,440001,50564
,0000000847,0000000847,0,100.0,11416,0,0,Default,440001,50564
,0000000848,0000000848,0,100.0,11416,0,0,Default,440001,50564
,0000000849,0000000849,0,100.0,11416,0,0,Default,440001,50564
,0000000850,0000000850,0,100.0,11416,0,0,Default,440001,50564
,0000000852,0000000852,0,100.0,11416,0,0,Default,440001,50564
,0000000853,0000000853,0,100.0,11416,0,0,Default,440001,50564
,0000000855,0000000855,0,100.0,11416,0,0,Default,440001,50564
,0000000856,0000000856,0,100.0,11416,0,0,Default,440001,50564
,0000000857,0000000857,0,100.0,11416,0,0,Default,440001,50564
,0000000858,0000000858,0,100.0,11416,0,0,Default,440001,50564
,0000000859,0000000859,0,100.0,11416,0,0,Default,440001,50564
,0000000860,0000000860,0,100.0,11416,0,0,Default,440001,50564
,0000000861,0000000861,0,100.0,11416,0,0,Default,440001,50564
,0000000862,0000000862,0,100.0,11416,0,0,Default,440001,50564
,0000000863,0000000863,0,100.0,11416,0,0,Default,440001,50564
,0000000865,0000000865,0,100.0,11416,0,0,Default,440001,50564
,0000000866,0000000866,0,100.0,11416,0,0,Default,440001,50564
,0000000867,0000000867,0,100.0,11416,0,0,Default,440001,50564
,0000000868,0000000868,0,100.0,11416,0,0,Default,440001,50564
,0000000869,0000000869,0,100.0,11416,0,0,Default,440001,50564
,0000000874,0000000874,0,100.0,11416,0,0,Default,440001,50564
,0000000875,0000000875,0,100.0,11416,0,0,Default,440001,50564
,0000000876,0000000876,0,100.0,11416,0,0,Default,440001,50564
,0000000877,0000000877,0,100.0,11416,0,0,Default,440001,50564
,0000000878,0000000878,0,100.0,11416,0,0,Default,440001,50564
,0000000879,0000000879,0,100.0,11416,0,0,Default,440001,50564
,0000000900,0000000900,0,100.0,11416,0,0,Default,440001,50564
,0000000905,0000000905,0,100.0,11416,0,0,Default,440001,50564
,0000000909,0000000909,0,100.0,11416,0,0,Default,440001,50564
,0000000911,0000000911,0,100.0,11416,0,0,Default,440001,50564
,0000000912,0000000912,0,100.0,11416,0,0,Default,440001,50564
,0000000913,0000000913,0,100.0,11416,0,0,Default,440001,50564
,0000000914,0000000914,0,100.0,11416,0,0,Default,440001,50564
,0000000916,0000000916,0,100.0,11416,0,0,Default,440001,50564
,0000000917,0000000917,0,100.0,11416,0,0,Default,440001,50564
,0000000918,0000000918,0,100.0,11416,0,0,Default,440001,50564
,0000000920,0000000920,0,100.0,11416,0,0,Default,440001,50564
,0000000922,0000000922,0,100.0,11416,0,0,Default,440001,50564
,0000000923,0000000923,0,100.0,11416,0,0,Default,440001,50564
,0000000924,0000000924,0,100.0,11416,0,0,Default,440001,50564
,0000000925,0000000925,0,100.0,11416,0,0,Default,440001,50564
,0000000926,0000000926,0,100.0,11416,0,0,Default,440001,50564
,0000000927,0000000927,0,100.0,11416,0,0,Default,440001,50564
,0000000928,0000000928,0,100.0,11416,0,0,Default,440001,50564
,0000000929,0000000929,0,100.0,11416,0,0,Default,440001,50564
,0000000930,0000000930,0,100.0,11416,0,0,Default,440001,50564
,0000000933,0000000933,0,100.0,11416,0,0,Default,440001,50564
,0000000935,0000000935,0,100.0,11416,0,0,Default,440001,50564
,0000000936,0000000936,0,100.0,11416,0,0,Default,440001,50564
,0000000937,0000000937,0,100.0,11416,0,0,Default,440001,50564
,0000000938,0000000938,0,100.0,11416,0,0,Default,440001,50564
,0000000939,0000000939,0,100.0,11416,0,0,Default,440001,50564
,0000000940,0000000940,0,100.0,11416,0,0,Default,440001,50564
,0000000941,0000000941,0,100.0,11416,0,0,Default,440001,50564
,0000000942,0000000942,0,100.0,11416,0,0,Default,440001,50564
,0000000943,0000000943,0,100.0,11416,0,0,Default,440001,50564
,0000000944,0000000944,0,100.0,11416,0,0,Default,440001,50564
,0000000945,0000000945,0,100.0,11416,0,0,Default,440001,50564
,0000000946,0000000946,0,100.0,11416,0,0,Default,440001,50564
,0000000955,0000000955,0,100.0,11416,0,0,Default,440001,50564
,0000000960,0000000960,0,100.0,11416,0,0,Default,440001,50564
,0000000967,0000000967,0,100.0,11416,0,0,Default,440001,50564
,0000000970,0000000970,0,100.0,11416,0,0,Default,440001,50564
,0000000971,0000000971,0,100.0,11416,0,0,Default,440001,50564
,0000000972,0000000972,0,100.0,11416,0,0,Default,440001,50564
,0000000973,0000000973,0,100.0,11416,0,0,Default,440001,50564
,0000000974,0000000974,0,100.0,11416,0,0,Default,440001,50564
,0000000975,0000000975,0,100.0,11416,0,0,Default,440001,50564
,0000000977,0000000977,0,100.0,11416,0,0,Default,440001,50564
,0000000978,0000000978,0,100.0,11416,0,0,Default,440001,50564
,0000000979,0000000979,0,100.0,11416,0,0,Default,440001,50564
,0000000980,0000000980,0,100.0,11416,0,0,Default,440001,50564
,0000000981,0000000981,0,100.0,11416,0,0,Default,440001,50564
,0000000982,0000000982,0,100.0,11416,0,0,Default,440001,50564
,0000000983,0000000983,0,100.0,11416,0,0,Default,440001,50564
,0000000984,0000000984,0,100.0,11416,0,0,Default,440001,50564
,0000000999,0000000999,0,100.0,11416,0,0,Default,440001,50564
,0000001000,0000001000,0,100.0,11416,0,0,Default,440001,50564
,0000001002,0000001002,0,100.0,11416,0,0,Default,440001,50564
,0000001004,0000001004,0,100.0,11416,0,0,Default,440001,50564
,0000001009,0000001009,0,100.0,11416,0,0,Default,440001,50564
,0000001013,0000001013,0,100.0,11416,0,0,Default,440001,50564
,0000001014,0000001014,0,100.0,11416,0,0,Default,440001,50564
,0000001017,0000001017,0,100.0,11416,0,0,Default,440001,50564
,0000001018,0000001018,0,100.0,11416,0,0,Default,440001,50564
,0000001019,0000001019,0,100.0,11416,0,0,Default,440001,50564
,0000001022,0000001022,0,100.0,11416,0,0,Default,440001,50564
,0000001023,0000001023,0,100.0,11416,0,0,Default,440001,50564
,0000001024,0000001024,0,100.0,11416,0,0,Default,440001,50564
,0000001025,0000001025,0,100.0,11416,0,0,Default,440001,50564
,0000001026,0000001026,0,100.0,11416,0,0,Default,440001,50564
,0000001028,0000001028,0,100.0,11416,0,0,Default,440001,50564
,0000001030,0000001030,0,100.0,11416,0,0,Default,440001,50564
,0000001033,0000001033,0,100.0,11416,0,0,Default,440001,50564
,0000001034,0000001034,0,100.0,11416,0,0,Default,440001,50564
,0000001036,0000001036,0,100.0,11416,0,0,Default,440001,50564
,0000001037,0000001037,0,100.0,11416,0,0,Default,440001,50564
,0000001041,0000001041,0,100.0,11416,0,0,Default,440001,50564
,0000001046,0000001046,0,100.0,11416,0,0,Default,440001,50564
,0000001047,0000001047,0,100.0,11416,0,0,Default,440001,50564
,0000001048,0000001048,0,100.0,11416,0,0,Default,440001,50564
,0000001050,0000001050,0,100.0,11416,0,0,Default,440001,50564
,0000001052,0000001052,0,100.0,11416,0,0,Default,440001,50564
,0000001053,0000001053,0,100.0,11416,0,0,Default,440001,50564
,0000001054,0000001054,0,100.0,11416,0,0,Default,440001,50564
,0000001055,0000001055,0,100.0,11416,0,0,Default,440001,50564
,0000001056,0000001056,0,100.0,11416,0,0,Default,440001,50564
,0000001057,0000001057,0,100.0,11416,0,0,Default,440001,50564
,0000001058,0000001058,0,100.0,11416,0,0,Default,440001,50564
,0000001059,0000001059,0,100.0,11416,0,0,Default,440001,50564
,0000001060,0000001060,0,100.0,11416,0,0,Default,440001,50564
,0000001061,0000001061,0,100.0,11416,0,0,Default,440001,50564
,0000001068,0000001068,0,100.0,11416,0,0,Default,440001,50564
,0000001069,0000001069,0,100.0,11416,0,0,Default,440001,50564
,0000001077,0000001077,0,100.0,11416,0,0,Default,440001,50564
,0000001078,0000001078,0,100.0,11416,0,0,Default,440001,50564
,0000001083,0000001083,0,100.0,11416,0,0,Default,440001,50564
,0000001084,0000001084,0,100.0,11416,0,0,Default,440001,50564
,0000001085,0000001085,0,100.0,11416,0,0,Default,440001,50564
,0000001086,0000001086,0,100.0,11416,0,0,Default,440001,50564
,0000001087,0000001087,0,100.0,11416,0,0,Default,440001,50564
,0000001088,0000001088,0,100.0,11416,0,0,Default,440001,50564
,0000001089,0000001089,0,100.0,11416,0,0,Default,440001,50564
,0000001090,0000001090,0,100.0,11416,0,0,Default,440001,50564
,0000001091,0000001091,0,100.0,11416,0,0,Default,440001,50564
,0000001092,0000001092,0,100.0,11416,0,0,Default,440001,50564
,0000001093,0000001093,0,100.0,11416,0,0,Default,440001,50564
,0000001094,0000001094,0,100.0,11416,0,0,Default,440001,50564
,0000001097,0000001097,0,100.0,11416,0,0,Default,440001,50564
,0000001098,0000001098,0,100.0,11416,0,0,Default,440001,50564
,0000001100,0000001100,0,100.0,11416,0,0,Default,440001,50564
,0000001104,0000001104,0,100.0,11416,0,0,Default,440001,50564
,0000001107,0000001107,0,100.0,11416,0,0,Default,440001,50564
,0000001109,0000001109,0,100.0,11416,0,0,Default,440001,50564
,0000001110,0000001110,0,100.0,11416,0,0,Default,440001,50564
,0000001112,0000001112,0,100.0,11416,0,0,Default,440001,50564
,0000001113,0000001113,0,100.0,11416,0,0,Default,440001,50564
,0000001114,0000001114,0,100.0,11416,0,0,Default,440001,50564
,0000001115,0000001115,0,100.0,11416,0,0,Default,440001,50564
,0000001116,0000001116,0,100.0,11416,0,0,Default,440001,50564
,0000001117,0000001117,0,100.0,11416,0,0,Default,440001,50564
,0000001119,0000001119,0,100.0,11416,0,0,Default,440001,50564
,0000001120,0000001120,0,100.0,11416,0,0,Default,440001,50564
,0000001122,0000001122,0,100.0,11416,0,0,Default,440001,50564
,0000001124,0000001124,0,100.0,11416,0,0,Default,440001,50564
,0000001125,0000001125,0,100.0,11416,0,0,Default,440001,50564
,0000001126,0000001126,0,100.0,11416,0,0,Default,440001,50564
,0000001127,0000001127,0,0.0,11416,0,0,Default,440001,50564
,0000001128,0000001128,0,100.0,11416,0,0,Default,440001,50564
,0000001129,0000001129,0,100.0,11416,0,0,Default,440001,50564
,0000001130,0000001130,0,100.0,11416,0,0,Default,440001,50564
,0000001132,0000001132,0,100.0,11416,0,0,Default,440001,50564
,0000001133,0000001133,0,100.0,11416,0,0,Default,440001,50564
,0000001134,0000001134,0,100.0,11416,0,0,Default,440001,50564
,0000001135,0000001135,0,100.0,11416,0,0,Default,440001,50564
,0000001136,0000001136,0,100.0,11416,0,0,Default,440001,50564
,0000001137,0000001137,0,100.0,11416,0,0,Default,440001,50564
,0000001138,0000001138,0,100.0,11416,0,0,Default,440001,50564
,0000001139,0000001139,0,100.0,11416,0,0,Default,440001,50564
,0000001140,0000001140,0,100.0,11416,0,0,Default,440001,50564
,0000001141,0000001141,0,100.0,11416,0,0,Default,440001,50564
,0000001145,0000001145,0,100.0,11416,0,0,Default,440001,50564
,0000001146,0000001146,0,100.0,11416,0,0,Default,440001,50564
,0000001147,0000001147,0,100.0,11416,0,0,Default,440001,50564
,0000001148,0000001148,0,100.0,11416,0,0,Default,440001,50564
,0000001149,0000001149,0,100.0,11416,0,0,Default,440001,50564
,0000001150,0000001150,0,100.0,11416,0,0,Default,440001,50564
,0000001152,0000001152,0,100.0,11416,0,0,Default,440001,50564
,0000001153,0000001153,0,100.0,11416,0,0,Default,440001,50564
,0000001154,0000001154,0,100.0,11416,0,0,Default,440001,50564
,0000001155,0000001155,0,100.0,11416,0,0,Default,440001,50564
,0000001157,0000001157,0,100.0,11416,0,0,Default,440001,50564
,0000001159,0000001159,0,100.0,11416,0,0,Default,440001,50564
,0000001160,0000001160,0,100.0,11416,0,0,Default,440001,50564
,0000001161,0000001161,0,100.0,11416,0,0,Default,440001,50564
,0000001162,0000001162,0,100.0,11416,0,0,Default,440001,50564
,0000001164,0000001164,0,100.0,11416,0,0,Default,440001,50564
,0000001165,0000001165,0,100.0,11416,0,0,Default,440001,50564
,0000001169,0000001169,0,100.0,11416,0,0,Default,440001,50564
,0000001172,0000001172,0,100.0,11416,0,0,Default,440001,50564
,0000001173,0000001173,0,100.0,11416,0,0,Default,440001,50564
,0000001174,0000001174,0,100.0,11416,0,0,Default,440001,50564
,0000001175,0000001175,0,100.0,11416,0,0,Default,440001,50564
,0000001176,0000001176,0,100.0,11416,0,0,Default,440001,50564
,0000001186,0000001186,0,100.0,11416,0,0,Default,440001,50564
,0000001187,0000001187,0,100.0,11416,0,0,Default,440001,50564
,0000001188,0000001188,0,100.0,11416,0,0,Default,440001,50564
,0000001189,0000001189,0,100.0,11416,0,0,Default,440001,50564
,0000001190,0000001190,0,100.0,11416,0,0,Default,440001,50564
,0000001191,0000001191,0,100.0,11416,0,0,Default,440001,50564
,0000001192,0000001192,0,100.0,11416,0,0,Default,440001,50564
,0000001193,0000001193,0,100.0,11416,0,0,Default,440001,50564
,0000001196,0000001196,0,100.0,11416,0,0,Default,440001,50564
,0000001197,0000001197,0,100.0,11416,0,0,Default,440001,50564
,0000001202,0000001202,0,100.0,11416,0,0,Default,440001,50564
,0000001203,0000001203,0,100.0,11416,0,0,Default,440001,50564
,0000001207,0000001207,0,100.0,11416,0,0,Default,440001,50564
,0000001208,0000001208,0,100.0,11416,0,0,Default,440001,50564
,0000001209,0000001209,0,100.0,11416,0,0,Default,440001,50564
,0000001212,0000001212,0,100.0,11416,0,0,Default,440001,50564
,0000001213,0000001213,0,100.0,11416,0,0,Default,440001,50564
,0000001214,0000001214,0,100.0,11416,0,0,Default,440001,50564
,0000001215,0000001215,0,100.0,11416,0,0,Default,440001,50564
,0000001220,0000001220,0,100.0,11416,0,0,Default,440001,50564
,0000001222,0000001222,0,100.0,11416,0,0,Default,440001,50564
,0000001223,0000001223,0,100.0,11416,0,0,Default,440001,50564
,0000001230,0000001230,0,100.0,11416,0,0,Default,440001,50564
,0000001232,0000001232,0,100.0,11416,0,0,Default,440001,50564
,0000001234,0000001234,0,100.0,11416,0,0,Default,440001,50564
,0000001236,0000001236,0,100.0,11416,0,0,Default,440001,50564
,0000001238,0000001238,0,100.0,11416,0,0,Default,440001,50564
,0000001239,0000001239,0,100.0,11416,0,0,Default,440001,50564
,0000001241,0000001241,0,100.0,11416,0,0,Default,440001,50564
,0000001242,0000001242,0,100.0,11416,0,0,Default,440001,50564
,0000001244,0000001244,0,0.0,11416,0,0,Default,440001,50564
,0000001245,0000001245,0,100.0,11416,0,0,Default,440001,50564
,0000001246,0000001246,0,100.0,11416,0,0,Default,440001,50564
,0000001247,0000001247,0,100.0,11416,0,0,Default,440001,50564
,0000001249,0000001249,0,100.0,11416,0,0,Default,440001,50564
,0000001254,0000001254,0,100.0,11416,0,0,Default,440001,50564
,0000001257,0000001257,0,100.0,11416,0,0,Default,440001,50564
,0000001260,0000001260,0,100.0,11416,0,0,Default,440001,50564
,0000001261,0000001261,0,100.0,11416,0,0,Default,440001,50564
,0000001262,0000001262,0,100.0,11416,0,0,Default,440001,50564
,0000001263,0000001263,0,100.0,11416,0,0,Default,440001,50564
,0000001264,0000001264,0,100.0,11416,0,0,Default,440001,50564
,0000001269,0000001269,0,100.0,11416,0,0,Default,440001,50564
,0000001270,0000001270,0,100.0,11416,0,0,Default,440001,50564
,0000001271,0000001271,0,100.0,11416,0,0,Default,440001,50564
,0000001272,0000001272,0,100.0,11416,0,0,Default,440001,50564
,0000001273,0000001273,0,100.0,11416,0,0,Default,440001,50564
,0000001277,0000001277,0,100.0,11416,0,0,Default,440001,50564
,0000001278,0000001278,0,100.0,11416,0,0,Default,440001,50564
,0000001279,0000001279,0,100.0,11416,0,0,Default,440001,50564
,0000001280,0000001280,0,100.0,11416,0,0,Default,440001,50564
,0000001282,0000001282,0,100.0,11416,0,0,Default,440001,50564
,0000001285,0000001285,0,100.0,11416,0,0,Default,440001,50564
,0000001286,0000001286,0,100.0,11416,0,0,Default,440001,50564
,0000001287,0000001287,0,100.0,11416,0,0,Default,440001,50564
,0000001288,0000001288,0,100.0,11416,0,0,Default,440001,50564
,0000001289,0000001289,0,100.0,11416,0,0,Default,440001,50564
,0000001290,0000001290,0,100.0,11416,0,0,Default,440001,50564
,0000001291,0000001291,0,100.0,11416,0,0,Default,440001,50564
,0000001292,0000001292,0,100.0,11416,0,0,Default,440001,50564
,0000001296,0000001296,0,100.0,11416,0,0,Default,440001,50564
,0000001297,0000001297,0,100.0,11416,0,0,Default,440001,50564
,0000001298,0000001298,0,100.0,11416,0,0,Default,440001,50564
,0000001299,0000001299,0,100.0,11416,0,0,Default,440001,50564
,0000001300,0000001300,0,100.0,11416,0,0,Default,440001,50564
,0000001304,0000001304,0,100.0,11416,0,0,Default,440001,50564
,0000001305,0000001305,0,100.0,11416,0,0,Default,440001,50564
,0000001306,0000001306,0,100.0,11416,0,0,Default,440001,50564
,0000001307,0000001307,0,100.0,11416,0,0,Default,440001,50564
,0000001308,0000001308,0,100.0,11416,0,0,Default,440001,50564
,0000001309,0000001309,0,100.0,11416,0,0,Default,440001,50564
,0000001313,0000001313,0,100.0,11416,0,0,Default,440001,50564
,0000001314,0000001314,0,100.0,11416,0,0,Default,440001,50564
,0000001315,0000001315,0,100.0,11416,0,0,Default,440001,50564
,0000001316,0000001316,0,100.0,11416,0,0,Default,440001,50564
,0000001317,0000001317,0,100.0,11416,0,0,Default,440001,50564
,0000001319,0000001319,0,100.0,11416,0,0,Default,440001,50564
,0000001320,0000001320,0,100.0,11416,0,0,Default,440001,50564
,0000001321,0000001321,0,100.0,11416,0,0,Default,440001,50564
,0000001322,0000001322,0,100.0,11416,0,0,Default,440001,50564
,0000001323,0000001323,0,100.0,11416,0,0,Default,440001,50564
,0000001324,0000001324,0,100.0,11416,0,0,Default,440001,50564
,0000001326,0000001326,0,100.0,11416,0,0,Default,440001,50564
,0000001327,0000001327,0,100.0,11416,0,0,Default,440001,50564
,0000001328,0000001328,0,100.0,11416,0,0,Default,440001,50564
,0000001329,0000001329,0,100.0,11416,0,0,Default,440001,50564
,0000001331,0000001331,0,100.0,11416,0,0,Default,440001,50564
,0000001332,0000001332,0,100.0,11416,0,0,Default,440001,50564
,0000001333,0000001333,0,100.0,11416,0,0,Default,440001,50564
,0000001334,0000001334,0,100.0,11416,0,0,Default,440001,50564
,0000001335,0000001335,0,100.0,11416,0,0,Default,440001,50564
,0000001336,0000001336,0,100.0,11416,0,0,Default,440001,50564
,0000001337,0000001337,0,100.0,11416,0,0,Default,440001,50564
,0000001338,0000001338,0,100.0,11416,0,0,Default,440001,50564
,0000001339,0000001339,0,100.0,11416,0,0,Default,440001,50564
,0000001340,0000001340,0,100.0,11416,0,0,Default,440001,50564
,0000001345,0000001345,0,100.0,11416,0,0,Default,440001,50564
,0000001346,0000001346,0,100.0,11416,0,0,Default,440001,50564
,0000001347,0000001347,0,100.0,11416,0,0,Default,440001,50564
,0000001349,0000001349,0,100.0,11416,0,0,Default,440001,50564
,0000001350,0000001350,0,100.0,11416,0,0,Default,440001,50564
,0000001351,0000001351,0,100.0,11416,0,0,Default,440001,50564
,0000001352,0000001352,0,100.0,11416,0,0,Default,440001,50564
,0000001353,0000001353,0,100.0,11416,0,0,Default,440001,50564
,0000001354,0000001354,0,100.0,11416,0,0,Default,440001,50564
,0000001355,0000001355,0,100.0,11416,0,0,Default,440001,50564
,0000001356,0000001356,0,100.0,11416,0,0,Default,440001,50564
,0000001358,0000001358,0,100.0,11416,0,0,Default,440001,50564
,0000001359,0000001359,0,100.0,11416,0,0,Default,440001,50564
,0000001360,0000001360,0,100.0,11416,0,0,Default,440001,50564
,0000001361,0000001361,0,100.0,11416,0,0,Default,440001,50564
,0000001362,0000001362,0,100.0,11416,0,0,Default,440001,50564
,0000001363,0000001363,0,100.0,11416,0,0,Default,440001,50564
,0000001364,0000001364,0,100.0,11416,0,0,Default,440001,50564
,0000001365,0000001365,0,100.0,11416,0,0,Default,440001,50564
,0000001366,0000001366,0,100.0,11416,0,0,Default,440001,50564
,0000001367,0000001367,0,100.0,11416,0,0,Default,440001,50564
,0000001369,0000001369,0,100.0,11416,0,0,Default,440001,50564
,0000001372,0000001372,0,100.0,11416,0,0,Default,440001,50564
,0000001373,0000001373,0,100.0,11416,0,0,Default,440001,50564
,0000001374,0000001374,0,100.0,11416,0,0,Default,440001,50564
,0000001375,0000001375,0,100.0,11416,0,0,Default,440001,50564
,0000001377,0000001377,0,100.0,11416,0,0,Default,440001,50564
,0000001378,0000001378,0,100.0,11416,0,0,Default,440001,50564
,0000001379,0000001379,0,100.0,11416,0,0,Default,440001,50564
,0000001380,0000001380,0,100.0,11416,0,0,Default,440001,50564
,0000001381,0000001381,0,100.0,11416,0,0,Default,440001,50564
,0000001382,0000001382,0,100.0,11416,0,0,Default,440001,50564
,0000001384,0000001384,0,100.0,11416,0,0,Default,440001,50564
,0000001385,0000001385,0,100.0,11416,0,0,Default,440001,50564
,0000001386,0000001386,0,100.0,11416,0,0,Default,440001,50564
,0000001387,0000001387,0,100.0,11416,0,0,Default,440001,50564
,0000001388,0000001388,0,100.0,11416,0,0,Default,440001,50564
,0000001389,0000001389,0,100.0,11416,0,0,Default,440001,50564
,0000001390,0000001390,0,100.0,11416,0,0,Default,440001,50564
,0000001394,0000001394,0,100.0,11416,0,0,Default,440001,50564
,0000001395,0000001395,0,100.0,11416,0,0,Default,440001,50564
,0000001397,0000001397,0,100.0,11416,0,0,Default,440001,50564
,0000001398,0000001398,0,100.0,11416,0,0,Default,440001,50564
,0000001402,0000001402,0,100.0,11416,0,0,Default,440001,50564
,0000001403,0000001403,0,100.0,11416,0,0,Default,440001,50564
,0000001404,0000001404,0,100.0,11416,0,0,Default,440001,50564
,0000001405,0000001405,0,100.0,11416,0,0,Default,440001,50564
,0000001406,0000001406,0,100.0,11416,0,0,Default,440001,50564
,0000001407,0000001407,0,100.0,11416,0,0,Default,440001,50564
,0000001408,0000001408,0,100.0,11416,0,0,Default,440001,50564
,0000001409,0000001409,0,100.0,11416,0,0,Default,440001,50564
,0000001410,0000001410,0,100.0,11416,0,0,Default,440001,50564
,0000001414,0000001414,0,100.0,11416,0,0,Default,440001,50564
,0000001415,0000001415,0,100.0,11416,0,0,Default,440001,50564
,0000001417,0000001417,0,100.0,11416,0,0,Default,440001,50564
,0000001419,0000001419,0,100.0,11416,0,0,Default,440001,50564
,0000001420,0000001420,0,100.0,11416,0,0,Default,440001,50564
,0000001421,0000001421,0,100.0,11416,0,0,Default,440001,50564
,0000001423,0000001423,0,100.0,11416,0,0,Default,440001,50564
,0000001424,0000001424,0,100.0,11416,0,0,Default,440001,50564
,0000001425,0000001425,0,100.0,11416,0,0,Default,440001,50564
,0000001426,0000001426,0,100.0,11416,0,0,Default,440001,50564
,0000001428,0000001428,0,100.0,11416,0,0,Default,440001,50564
,0000001429,0000001429,0,100.0,11416,0,0,Default,440001,50564
,0000001430,0000001430,0,100.0,11416,0,0,Default,440001,50564
,0000001431,0000001431,0,100.0,11416,0,0,Default,440001,50564
,0000001432,0000001432,0,100.0,11416,0,0,Default,440001,50564
,0000001433,0000001433,0,100.0,11416,0,0,Default,440001,50564
,0000001434,0000001434,0,100.0,11416,0,0,Default,440001,50564
,0000001435,0000001435,0,100.0,11416,0,0,Default,440001,50564
,0000001436,0000001436,0,100.0,11416,0,0,Default,440001,50564
,0000001437,0000001437,0,100.0,11416,0,0,Default,440001,50564
,0000001438,0000001438,0,100.0,11416,0,0,Default,440001,50564
,0000001439,0000001439,0,100.0,11416,0,0,Default,440001,50564
,0000001440,0000001440,0,100.0,11416,0,0,Default,440001,50564
,0000001441,0000001441,0,100.0,11416,0,0,Default,440001,50564
,0000001442,0000001442,0,100.0,11416,0,0,Default,440001,50564
,0000001443,0000001443,0,100.0,11416,0,0,Default,440001,50564
,0000001444,0000001444,0,100.0,11416,0,0,Default,440001,50564
,0000001445,0000001445,0,100.0,11416,0,0,Default,440001,50564
,0000001446,0000001446,0,100.0,11416,0,0,Default,440001,50564
,0000001447,0000001447,0,100.0,11416,0,0,Default,440001,50564
,0000001448,0000001448,0,100.0,11416,0,0,Default,440001,50564
,0000001449,0000001449,0,100.0,11416,0,0,Default,440001,50564
,0000001450,0000001450,0,100.0,11416,0,0,Default,440001,50564
,0000001452,0000001452,0,100.0,11416,0,0,Default,440001,50564
,0000001453,0000001453,0,100.0,11416,0,0,Default,440001,50564
,0000001454,0000001454,0,100.0,11416,0,0,Default,440001,50564
,0000001455,0000001455,0,100.0,11416,0,0,Default,440001,50564
,0000001456,0000001456,0,100.0,11416,0,0,Default,440001,50564
,0000001457,0000001457,0,100.0,11416,0,0,Default,440001,50564
,0000001458,0000001458,0,100.0,11416,0,0,Default,440001,50564
,0000001459,0000001459,0,100.0,11416,0,0,Default,440001,50564
,0000001460,0000001460,0,100.0,11416,0,0,Default,440001,50564
,0000001461,0000001461,0,100.0,11416,0,0,Default,440001,50564
,0000001462,0000001462,0,100.0,11416,0,0,Default,440001,50564
,0000001463,0000001463,0,100.0,11416,0,0,Default,440001,50564
,0000001464,0000001464,0,100.0,11416,0,0,Default,440001,50564
,0000001465,0000001465,0,100.0,11416,0,0,Default,440001,50564
,0000001466,0000001466,0,100.0,11416,0,0,Default,440001,50564
,0000001467,0000001467,0,100.0,11416,0,0,Default,440001,50564
,0000001469,0000001469,0,100.0,11416,0,0,Default,440001,50564
,0000001470,0000001470,0,100.0,11416,0,0,Default,440001,50564
,0000001471,0000001471,0,100.0,11416,0,0,Default,440001,50564
,0000001472,0000001472,0,100.0,11416,0,0,Default,440001,50564
,0000001480,0000001480,0,100.0,11416,0,0,Default,440001,50564
,0000001483,0000001483,0,100.0,11416,0,0,Default,440001,50564
,0000001484,0000001484,0,100.0,11416,0,0,Default,440001,50564
,0000001485,0000001485,0,100.0,11416,0,0,Default,440001,50564
,0000001486,0000001486,0,100.0,11416,0,0,Default,440001,50564
,0000001487,0000001487,0,100.0,11416,0,0,Default,440001,50564
,0000001488,0000001488,0,100.0,11416,0,0,Default,440001,50564
,0000001489,0000001489,0,100.0,11416,0,0,Default,440001,50564
,0000001490,0000001490,0,100.0,11416,0,0,Default,440001,50564
,0000001491,0000001491,0,100.0,11416,0,0,Default,440001,50564
,0000001492,0000001492,0,100.0,11416,0,0,Default,440001,50564
,0000001493,0000001493,0,100.0,11416,0,0,Default,440001,50564
,0000001494,0000001494,0,100.0,11416,0,0,Default,440001,50564
,0000001495,0000001495,0,100.0,11416,0,0,Default,440001,50564
,0000001496,0000001496,0,100.0,11416,0,0,Default,440001,50564
,0000001497,0000001497,0,100.0,11416,0,0,Default,440001,50564
,0000001498,0000001498,0,100.0,11416,0,0,Default,440001,50564
,0000001499,0000001499,0,100.0,11416,0,0,Default,440001,50564
,0000001500,0000001500,0,100.0,11416,0,0,Default,440001,50564
,0000001501,0000001501,0,100.0,11416,0,0,Default,440001,50564
,0000001502,0000001502,0,100.0,11416,0,0,Default,440001,50564
,0000001503,0000001503,0,100.0,11416,0,0,Default,440001,50564
,0000001504,0000001504,0,100.0,11416,0,0,Default,440001,50564
,0000001505,0000001505,0,100.0,11416,0,0,Default,440001,50564
,0000001506,0000001506,0,100.0,11416,0,0,Default,440001,50564
,0000001507,0000001507,0,100.0,11416,0,0,Default,440001,50564
,0000001508,0000001508,0,100.0,11416,0,0,Default,440001,50564
,0000001509,0000001509,0,100.0,11416,0,0,Default,440001,50564
,0000001510,0000001510,0,100.0,11416,0,0,Default,440001,50564
,0000001511,0000001511,0,100.0,11416,0,0,Default,440001,50564
,0000001512,0000001512,0,100.0,11416,0,0,Default,440001,50564
,0000001513,0000001513,0,100.0,11416,0,0,Default,440001,50564
,0000001515,0000001515,0,100.0,11416,0,0,Default,440001,50564
,0000001517,0000001517,0,100.0,11416,0,0,Default,440001,50564
,0000001520,0000001520,0,100.0,11416,0,0,Default,440001,50564
,0000001521,0000001521,0,100.0,11416,0,0,Default,440001,50564
,0000001528,0000001528,0,100.0,11416,0,0,Default,440001,50564
,0000001529,0000001529,0,100.0,11416,0,0,Default,440001,50564
,0000001531,0000001531,0,100.0,11416,0,0,Default,440001,50564
,0000001532,0000001532,0,100.0,11416,0,0,Default,440001,50564
,0000001533,0000001533,0,100.0,11416,0,0,Default,440001,50564
,0000001536,0000001536,0,100.0,11416,0,0,Default,440001,50564
,0000001537,0000001537,0,100.0,11416,0,0,Default,440001,50564
,0000001538,0000001538,0,100.0,11416,0,0,Default,440001,50564
,0000001539,0000001539,0,100.0,11416,0,0,Default,440001,50564
,0000001540,0000001540,0,100.0,11416,0,0,Default,440001,50564
,0000001542,0000001542,0,100.0,11416,0,0,Default,440001,50564
,0000001543,0000001543,0,100.0,11416,0,0,Default,440001,50564
,0000001545,0000001545,0,100.0,11416,0,0,Default,440001,50564
,0000001546,0000001546,0,100.0,11416,0,0,Default,440001,50564
,0000001547,0000001547,0,100.0,11416,0,0,Default,440001,50564
,0000001549,0000001549,0,100.0,11416,0,0,Default,440001,50564
,0000001550,0000001550,0,100.0,11416,0,0,Default,440001,50564
,0000001551,0000001551,0,100.0,11416,0,0,Default,440001,50564
,0000001552,0000001552,0,100.0,11416,0,0,Default,440001,50564
,0000001553,0000001553,0,100.0,11416,0,0,Default,440001,50564
,0000001554,0000001554,0,100.0,11416,0,0,Default,440001,50564
,0000001555,0000001555,0,100.0,11416,0,0,Default,440001,50564
,0000001557,0000001557,0,100.0,11416,0,0,Default,440001,50564
,0000001558,0000001558,0,100.0,11416,0,0,Default,440001,50564
,0000001560,0000001560,0,100.0,11416,0,0,Default,440001,50564
,0000001561,0000001561,0,100.0,11416,0,0,Default,440001,50564
,0000001562,0000001562,0,100.0,11416,0,0,Default,440001,50564
,0000001563,0000001563,0,100.0,11416,0,0,Default,440001,50564
,0000001564,0000001564,0,100.0,11416,0,0,Default,440001,50564
,0000001565,0000001565,0,100.0,11416,0,0,Default,440001,50564
,0000001566,0000001566,0,100.0,11416,0,0,Default,440001,50564
,0000001568,0000001568,0,100.0,11416,0,0,Default,440001,50564
,0000001569,0000001569,0,100.0,11416,0,0,Default,440001,50564
,0000001570,0000001570,0,100.0,11416,0,0,Default,440001,50564
,0000001571,0000001571,0,100.0,11416,0,0,Default,440001,50564
,0000001572,0000001572,0,100.0,11416,0,0,Default,440001,50564
,0000001573,0000001573,0,100.0,11416,0,0,Default,440001,50564
,0000001575,0000001575,0,100.0,11416,0,0,Default,440001,50564
,0000001576,0000001576,0,100.0,11416,0,0,Default,440001,50564
,0000001577,0000001577,0,100.0,11416,0,0,Default,440001,50564
,0000001578,0000001578,0,100.0,11416,0,0,Default,440001,50564
,0000001579,0000001579,0,100.0,11416,0,0,Default,440001,50564
,0000001584,0000001584,0,100.0,11416,0,0,Default,440001,50564
,0000001585,0000001585,0,100.0,11416,0,0,Default,440001,50564
,0000001586,0000001586,0,100.0,11416,0,0,Default,440001,50564
,0000001587,0000001587,0,100.0,11416,0,0,Default,440001,50564
,0000001588,0000001588,0,100.0,11416,0,0,Default,440001,50564
,0000001589,0000001589,0,100.0,11416,0,0,Default,440001,50564
,0000001590,0000001590,0,100.0,11416,0,0,Default,440001,50564
,0000001591,0000001591,0,100.0,11416,0,0,Default,440001,50564
,0000001592,0000001592,0,100.0,11416,0,0,Default,440001,50564
,0000001593,0000001593,0,100.0,11416,0,0,Default,440001,50564
,0000001594,0000001594,0,100.0,11416,0,0,Default,440001,50564
,0000001595,0000001595,0,100.0,11416,0,0,Default,440001,50564
